session,camera,tracker,difficulty,bedding,animals,num_switches,num_fragmentations,idf1,idp,idr,idtp,idfp,idfn,mota,motp,precision,recall,num_false_positives,num_misses,num_detections,num_objects,num_predictions,mostly_tracked,partially_tracked,mostly_lost,num_unique_objects,num_frames
10072022145420,back,josh_lucid_lite,4,black,4,197.0,56.0,0.9381005586592179,0.9474872103520915,0.9288980675615872,6297.0,349.0,482.0,0.9465997934798643,0.03057325441713881,0.9975925368642793,0.978020356984806,16.0,149.0,6630.0,6779.0,6646.0,4.0,0.0,0.0,4.0,1799.0
10072022145420,backL,josh_lucid_lite,4,black,4,272.0,24.0,0.9151834081411546,0.9197386840877275,0.9106730324965348,5913.0,516.0,580.0,0.948251963653165,0.013825183806224564,1.0,0.9901432311720314,0.0,64.0,6429.0,6493.0,6429.0,4.0,0.0,0.0,4.0,1799.0
10072022145420,mid,josh_lucid_lite,4,black,4,222.0,34.0,0.9374496211510559,0.9401778496362166,0.9347371805176017,5815.0,370.0,406.0,0.9530622086481273,0.01849939889333461,0.9972514147130154,0.9914804693779136,17.0,53.0,6168.0,6221.0,6185.0,4.0,0.0,0.0,4.0,1799.0
10072022145420,midL,josh_lucid_lite,4,black,4,263.0,26.0,0.9264831995010525,0.9287277274148171,0.9242494944781459,5942.0,456.0,487.0,0.9527142634935448,0.026632416645990583,0.9992185057830572,0.9944003733084461,5.0,36.0,6393.0,6429.0,6398.0,4.0,0.0,0.0,4.0,1799.0
10072022145420,top,josh_lucid_lite,4,black,4,281.0,19.0,0.9136137494346449,0.9151313802476593,0.9121011438892234,6060.0,562.0,584.0,0.9531908488862131,0.018756206464634873,0.9993959528843249,0.9960866947621915,4.0,26.0,6618.0,6644.0,6622.0,4.0,0.0,0.0,4.0,1799.0
10072022145420,topL,josh_lucid_lite,4,black,4,239.0,30.0,0.9191368625401329,0.9219592570401438,0.916331695697484,6155.0,521.0,562.0,0.9452136370403454,0.030324681268456197,0.9934092270820851,0.9873455411642102,44.0,85.0,6632.0,6717.0,6676.0,4.0,0.0,0.0,4.0,1799.0
